{"loss": 6.942233475771817, "lr": 8.85474938464981e-06, "wd": 0.040363596273069256, "_timestamp": 1755268811.5022566, "_runtime": 1386.2822365760803, "_step": 901}